experiment_name, get_data, data2dev, zero_grad, forward, backprop, sync, optimizer_step, batch, batch_count, data_len
overlap, 3211.86669921875, 31.04443359375, 18.866455078125, 393.698974609375, 160.369140625, 4231.6640625, 32.23388671875, 8079.9697265625, 0, 128
overlap, 10.629638671875, 244.85546875, 6.592041015625, 116.910888671875, 207.177001953125, 2356.4765625, 24.022705078125, 2966.832763671875, 1, 128
overlap, 42.732177734375, 160.090087890625, 51.687744140625, 117.678955078125, 260.135986328125, 2238.831298828125, 21.973388671875, 2893.336181640625, 2, 128
